Proj,Ample,Anderberg,ArithmeticMean,Barinel,Dice,DStar,Euclid,Fagge,Fleiss,GeometricMean,Goodman,Gp13,Hamann,Hamming,HarmonicMean,Jaccard,Kulczynski1,Kulczynski2,M1,M2,McCon,Minus,Muse,Naish1,Naish2,Ochiai,Ochiai2,Overlap,Qe,RogersTanimoto,Rogot1,Rogot2,RussellRao,Scott,SimpleMatching,Sokal,SorensenDice,Tarantula,Wong1,Wong2,Wong3,Zoltar,null,
Chart_1, 28,28,28,28,28,28,22181,28,2875,28,-,28,22181,22181,28,28,28,28,22181,28,28,28,28,-,28,28,28,28,28,22181,28,28,28,2876,22181,22181,28,28,28,-,-,28,28,
Chart_2, 76,50,50,48,50,50,15888,76,5297,51,-,76,15888,15888,76,50,50,76,15888,76,-,76,76,16439,76,51,50,51,48,15888,50,76,76,4634,15888,15888,50,48,76,-,-,76,51,
Chart_3, 7,7,7,7,7,7,87,7,5488,7,-,7,87,87,7,7,7,7,87,7,7,7,7,-,7,7,7,7,7,87,7,7,7,3470,87,87,7,7,7,-,-,7,7,
Chart_4, 13,57,57,115,57,57,22131,13,920,49,-,13,22131,22131,49,57,57,49,22131,13,49,13,13,-,13,49,98,148,115,22131,57,49,13,880,22131,22131,57,115,13,-,13,19,49,
Chart_5, 7,7,7,7,7,7,8484,7,5387,7,-,7,8484,8484,7,7,7,7,8484,7,7,7,7,-,7,7,7,7,7,8484,7,7,7,3993,8484,8484,7,7,7,-,-,7,7,
Chart_6, 5,81,68,81,81,81,21902,5,67,49,-,5,21902,21902,17,81,81,15,21902,5,15,5,5,-,5,49,81,49,81,21902,21727,17,5,67,21902,21902,81,81,5,-,-,15,49,
Chart_7, 28,28,28,28,28,28,15994,28,4698,28,-,28,15994,15994,28,28,28,28,15994,28,28,28,28,-,28,28,28,28,28,15994,28,28,28,4324,15994,15994,28,28,28,-,-,28,28,
Chart_8, -,-,-,-,-,-,-,-,-,-,-,-,-,-,-,-,-,-,-,-,-,-,-,-,-,-,-,-,-,-,-,-,-,-,-,-,-,-,-,-,-,-,-,
Chart_9, 3,3,3,3,3,3,3,3,4927,3,3,3,3,3,3,3,3,3,3,3,3,3,3,-,3,3,3,3,3,3,3,3,3,2651,3,3,3,3,3,-,-,3,3,
Chart_10, 1,1,1,1,1,1,1,1,4906,1,1,1,1,1,1,1,1,1,1,1,1,1,1,-,1,1,1,1,1,1,1,1,1,2464,1,1,1,1,1,1,1,1,1,
Chart_11, 15,15,15,15,15,15,16586,15,4434,15,-,15,16586,16586,15,15,15,15,16586,15,15,15,15,-,15,15,15,15,15,16586,15,15,15,3966,16586,16586,15,15,15,-,-,15,15,
Chart_12, -,-,-,-,-,-,-,-,-,-,-,-,-,-,-,-,-,-,-,-,-,-,-,-,-,-,-,-,-,-,-,-,-,-,-,-,-,-,-,-,-,-,-,
Chart_13, 17,17,17,17,17,17,17,17,4924,17,17,17,17,17,17,17,17,17,17,17,17,17,17,-,17,17,17,17,17,17,17,17,17,2484,17,17,17,17,17,17,17,17,17,
Chart_14, 120,1,1,1,1,1,1,110,4495,1,-,110,1,1,1,1,1,1,1,110,1,22,110,-,110,1,1,1,1,1,1,1,110,3014,1,1,1,1,110,1,1,1,1,
Chart_15, 26,26,26,26,26,26,126,26,4891,26,-,26,126,126,26,26,26,26,126,26,26,26,26,8102,26,26,26,26,26,126,26,26,26,3464,126,126,26,26,26,-,-,26,26,
Chart_16, 78,12,12,2,12,12,2,12,3863,7,-,12,2,2,7,12,12,7,2,12,7,12,12,-,12,8,7,8,2,2,12,7,12,3171,2,2,12,2,12,2,7,7,8,
Chart_17, 2,2,2,2,2,2,102,2,4792,2,-,2,102,102,2,2,2,2,102,2,2,2,2,-,2,2,2,2,2,102,2,2,2,3292,102,102,2,2,2,-,-,2,2,
Chart_18, 6,6,6,6,6,6,6,6,3573,6,6,6,6,6,6,6,6,6,6,6,6,6,6,-,6,6,6,6,6,6,6,6,6,2095,6,6,6,6,6,6,6,6,6,
Chart_19, 243,5,5,5,5,5,5,243,4704,5,5,243,5,5,5,5,5,5,5,243,5,243,243,-,243,5,5,5,5,5,5,5,243,2616,5,5,5,5,243,5,5,5,5,
Chart_20, -,-,-,-,-,-,-,-,-,-,-,-,-,-,-,-,-,-,-,-,-,-,-,-,-,-,-,-,-,-,-,-,-,-,-,-,-,-,-,-,-,-,-,
Chart_21, 2,2,2,2,2,2,2,2,4567,2,2,2,2,2,2,2,2,2,2,2,2,2,2,-,2,2,2,2,2,2,2,2,2,2101,2,2,2,2,2,2,2,2,2,
Chart_22, 40,1,1,1,1,1,1,38,3587,1,-,38,1,1,1,1,1,1,1,38,1,38,38,-,38,1,1,14,1,1,1,1,38,2412,1,1,1,1,38,1,35,1,1,
Chart_23, -,-,-,-,-,-,-,-,-,-,-,-,-,-,-,-,-,-,-,-,-,-,-,-,-,-,-,-,-,-,-,-,-,-,-,-,-,-,-,-,-,-,-,
Chart_24, 2,2,2,2,2,2,2,2,4792,2,2,2,2,2,2,2,2,2,2,2,2,2,2,-,2,2,2,2,2,2,2,2,2,2088,2,2,2,2,2,2,2,2,2,
Chart_25, 1993,47,45,18,47,47,40,1993,4066,45,47,1993,40,40,45,47,47,47,40,1993,47,1993,1993,-,1993,47,40,18,18,40,45,45,1993,2414,40,40,47,18,1993,40,1701,47,47,
Chart_26, 132,132,132,488,132,132,132,132,1644,132,132,132,132,132,132,132,132,132,132,132,132,132,132,-,132,132,132,131,488,132,132,132,132,859,132,132,132,488,132,132,132,359,132,
Lang_1, 1809,-,-,-,-,-,6828,-,-,-,-,-,6828,6828,-,-,-,-,6828,-,-,-,-,6623,-,-,-,-,-,6828,7076,7078,-,-,6828,6828,-,-,-,-,-,-,-,
Lang_2, 456,333,329,49,333,333,55,342,-,119,-,342,55,55,49,333,333,49,55,342,49,74,342,-,342,128,100,128,49,55,330,49,342,-,55,55,333,49,342,55,209,49,128,
Lang_3, 3177,-,-,-,-,-,6211,-,-,-,-,-,6211,6211,-,-,-,-,6211,-,-,-,-,6027,-,-,-,-,-,6211,6480,6482,-,-,6211,6211,-,-,-,-,-,-,-,
Lang_4, 974,-,-,-,-,-,9117,-,-,-,-,-,9117,9117,-,-,-,-,9117,-,-,-,-,8799,-,-,-,-,-,9117,9252,9255,-,-,9117,9117,-,-,-,-,-,-,-,
Lang_5, 443,322,316,38,322,322,44,331,-,108,-,331,44,44,39,322,322,39,44,331,39,66,331,3976,331,117,89,117,38,44,319,39,331,-,44,44,322,38,331,44,198,38,117,
Lang_6, 960,-,-,-,-,-,9041,-,-,-,-,-,9041,9041,-,-,-,-,9041,-,-,-,-,8743,-,-,-,-,-,9041,9177,9180,-,-,9041,9041,-,-,-,-,-,-,-,
Lang_7, 3831,-,-,-,-,-,5260,-,-,-,-,-,5260,5260,-,-,-,-,5260,-,-,-,-,5109,-,-,-,-,-,5260,5543,5545,-,-,5260,5260,-,-,-,-,-,-,-,
Lang_8, -,-,-,-,-,-,-,-,-,-,-,-,-,-,-,-,-,-,-,-,-,-,-,-,-,-,-,-,-,-,-,-,-,-,-,-,-,-,-,-,-,-,-,
Lang_9, -,-,-,-,-,-,-,-,-,-,-,-,-,-,-,-,-,-,-,-,-,-,-,-,-,-,-,-,-,-,-,-,-,-,-,-,-,-,-,-,-,-,-,
Lang_10, -,-,-,-,-,-,-,-,-,-,-,-,-,-,-,-,-,-,-,-,-,-,-,-,-,-,-,-,-,-,-,-,-,-,-,-,-,-,-,-,-,-,-,
Lang_11, -,-,-,-,-,-,-,-,-,-,-,-,-,-,-,-,-,-,-,-,-,-,-,-,-,-,-,-,-,-,-,-,-,-,-,-,-,-,-,-,-,-,-,
Lang_12, -,-,-,-,-,-,-,-,-,-,-,-,-,-,-,-,-,-,-,-,-,-,-,-,-,-,-,-,-,-,-,-,-,-,-,-,-,-,-,-,-,-,-,
Lang_13, -,-,-,-,-,-,-,-,-,-,-,-,-,-,-,-,-,-,-,-,-,-,-,-,-,-,-,-,-,-,-,-,-,-,-,-,-,-,-,-,-,-,-,
Lang_14, -,-,-,-,-,-,-,-,-,-,-,-,-,-,-,-,-,-,-,-,-,-,-,-,-,-,-,-,-,-,-,-,-,-,-,-,-,-,-,-,-,-,-,
Lang_15, -,-,-,-,-,-,-,-,-,-,-,-,-,-,-,-,-,-,-,-,-,-,-,-,-,-,-,-,-,-,-,-,-,-,-,-,-,-,-,-,-,-,-,
Lang_16, -,-,-,-,-,-,-,-,-,-,-,-,-,-,-,-,-,-,-,-,-,-,-,-,-,-,-,-,-,-,-,-,-,-,-,-,-,-,-,-,-,-,-,
Lang_17, 814,442,440,440,442,442,4977,442,234,440,-,442,4977,4977,442,442,442,442,4977,442,-,440,442,4728,442,442,440,442,440,4977,440,442,442,238,4977,4977,442,440,442,-,-,442,442,
Lang_18, -,-,-,-,-,-,-,-,-,-,-,-,-,-,-,-,-,-,-,-,-,-,-,-,-,-,-,-,-,-,-,-,-,-,-,-,-,-,-,-,-,-,-,
Lang_19, -,-,-,-,-,-,-,-,-,-,-,-,-,-,-,-,-,-,-,-,-,-,-,-,-,-,-,-,-,-,-,-,-,-,-,-,-,-,-,-,-,-,-,
Lang_20, -,-,-,-,-,-,-,-,-,-,-,-,-,-,-,-,-,-,-,-,-,-,-,-,-,-,-,-,-,-,-,-,-,-,-,-,-,-,-,-,-,-,-,
Lang_21, -,-,-,-,-,-,-,-,-,-,-,-,-,-,-,-,-,-,-,-,-,-,-,-,-,-,-,-,-,-,-,-,-,-,-,-,-,-,-,-,-,-,-,
Lang_22, 1612,-,-,-,-,-,6767,-,-,-,-,-,6767,6767,-,-,-,-,6767,-,-,-,-,6004,-,-,-,-,-,6767,6911,6915,-,-,6767,6767,-,-,-,-,-,-,-,
Lang_23, -,-,-,-,-,-,-,-,-,-,-,-,-,-,-,-,-,-,-,-,-,-,-,-,-,-,-,-,-,-,-,-,-,-,-,-,-,-,-,-,-,-,-,
Lang_24, 5935,-,-,-,-,-,1770,-,-,-,-,-,1770,1770,-,-,-,-,1770,-,-,-,-,1278,-,-,-,-,-,1770,2178,2186,-,-,1770,1770,-,-,-,-,-,-,-,
Lang_25, 1475,564,523,368,564,564,368,564,-,470,-,564,368,368,369,564,564,369,368,564,-,369,523,-,564,491,489,491,368,368,558,369,564,-,368,368,564,368,564,-,-,475,491,
Lang_26, -,-,-,-,-,-,-,-,-,-,-,-,-,-,-,-,-,-,-,-,-,-,-,-,-,-,-,-,-,-,-,-,-,-,-,-,-,-,-,-,-,-,-,
Lang_27, -,-,-,-,-,-,-,-,-,-,-,-,-,-,-,-,-,-,-,-,-,-,-,-,-,-,-,-,-,-,-,-,-,-,-,-,-,-,-,-,-,-,-,
Lang_28, -,-,-,-,-,-,-,-,-,-,-,-,-,-,-,-,-,-,-,-,-,-,-,-,-,-,-,-,-,-,-,-,-,-,-,-,-,-,-,-,-,-,-,
Lang_29, -,-,-,-,-,-,-,-,-,-,-,-,-,-,-,-,-,-,-,-,-,-,-,-,-,-,-,-,-,-,-,-,-,-,-,-,-,-,-,-,-,-,-,
Lang_30, -,-,-,-,-,-,-,-,-,-,-,-,-,-,-,-,-,-,-,-,-,-,-,-,-,-,-,-,-,-,-,-,-,-,-,-,-,-,-,-,-,-,-,
Lang_31, -,-,-,-,-,-,-,-,-,-,-,-,-,-,-,-,-,-,-,-,-,-,-,-,-,-,-,-,-,-,-,-,-,-,-,-,-,-,-,-,-,-,-,
Lang_32, 2383,-,-,-,-,-,5359,-,-,-,-,-,5359,5359,-,-,-,-,5359,-,-,-,-,4754,-,-,-,-,-,5359,5588,5595,-,-,5359,5359,-,-,-,-,-,-,-,
Lang_33, -,-,-,-,-,-,-,-,-,-,-,-,-,-,-,-,-,-,-,-,-,-,-,-,-,-,-,-,-,-,-,-,-,-,-,-,-,-,-,-,-,-,-,
Lang_34, -,-,-,-,-,-,-,-,-,-,-,-,-,-,-,-,-,-,-,-,-,-,-,-,-,-,-,-,-,-,-,-,-,-,-,-,-,-,-,-,-,-,-,
Lang_35, -,-,-,-,-,-,-,-,-,-,-,-,-,-,-,-,-,-,-,-,-,-,-,-,-,-,-,-,-,-,-,-,-,-,-,-,-,-,-,-,-,-,-,
Lang_36, 2137,888,786,628,888,888,609,888,-,767,-,888,609,609,638,888,888,646,609,888,-,632,786,1220,888,816,814,816,628,609,866,638,888,-,609,609,888,628,888,-,-,803,816,
Lang_37, -,-,-,-,-,-,-,-,-,-,-,-,-,-,-,-,-,-,-,-,-,-,-,-,-,-,-,-,-,-,-,-,-,-,-,-,-,-,-,-,-,-,-,
Lang_38, -,-,-,-,-,-,-,-,-,-,-,-,-,-,-,-,-,-,-,-,-,-,-,-,-,-,-,-,-,-,-,-,-,-,-,-,-,-,-,-,-,-,-,
Lang_39, 1484,-,-,-,-,-,5850,-,-,-,-,-,5850,5850,-,-,-,-,5850,-,-,-,-,4980,-,-,-,-,-,5850,6081,6091,-,-,5850,5850,-,-,-,-,-,-,-,
Lang_40, 1,1,1,1,1,1,1,1,588,1,1,1,1,1,1,1,1,1,1,1,1,1,1,-,1,1,1,1,1,1,1,1,1,173,1,1,1,1,1,-,-,1,1,
Lang_41, 7,7,7,7,7,7,5332,7,246,7,-,7,5332,5332,7,7,7,7,5332,7,-,7,7,-,7,7,7,7,7,5332,7,7,7,239,5332,5332,7,7,7,-,-,7,7,
Lang_42, 13,13,13,13,13,13,5118,13,594,13,-,13,5118,5118,13,13,13,13,5118,13,13,13,13,-,13,13,13,13,13,5118,13,13,13,275,5118,5118,13,13,13,-,-,13,13,
Lang_43, 1,1,1,1,1,1,1,1,577,1,1,1,1,1,1,1,1,1,1,1,1,1,1,-,1,1,1,1,1,1,1,1,1,101,1,1,1,1,1,1,1,1,1,
Lang_44, 20,20,20,20,20,20,20,20,528,20,-,20,20,20,20,20,20,20,20,20,20,20,20,-,20,20,20,20,20,20,20,20,20,239,20,20,20,20,20,-,-,20,20,
Lang_45, 16,16,16,16,16,16,16,16,525,16,16,16,16,16,16,16,16,16,16,16,16,16,16,-,16,16,16,16,16,16,16,16,16,116,16,16,16,16,16,16,16,16,16,
Lang_46, 3,3,3,3,3,3,3,3,514,3,3,3,3,3,3,3,3,3,3,3,3,3,3,3531,3,3,3,3,3,3,3,3,3,156,3,3,3,3,3,-,-,3,3,
Lang_47, 4,2,2,2,2,2,2,4,456,2,-,4,2,2,4,2,2,4,2,4,-,4,4,-,4,2,2,2,2,2,2,4,4,250,2,2,2,2,4,-,-,4,2,
Lang_48, 2,2,2,2,2,2,7300,2,343,2,-,2,7300,7300,2,2,2,2,7300,2,2,2,2,-,2,2,2,2,2,7300,2,2,2,332,7300,7300,2,2,2,-,-,2,2,
Lang_49, 4,4,4,4,4,4,4,4,495,4,4,4,4,4,4,4,4,4,4,4,4,4,4,-,4,4,4,4,4,4,4,4,4,105,4,4,4,4,4,4,4,4,4,
Lang_50, 91,15,11,11,15,15,11,91,712,11,15,91,11,11,11,15,15,15,11,91,15,91,91,-,91,15,11,15,11,11,11,11,91,293,11,11,15,11,91,11,11,15,15,
Lang_51, -,-,-,-,-,-,-,-,-,-,-,-,-,-,-,-,-,-,-,-,-,-,-,-,-,-,-,-,-,-,-,-,-,-,-,-,-,-,-,-,-,-,-,
Lang_52, 13,13,13,13,13,13,3590,13,473,13,-,13,3590,3590,13,13,13,13,3590,13,13,13,13,-,13,13,13,13,13,3590,13,13,13,246,3590,3590,13,13,13,-,-,13,13,
Lang_53, 32,32,32,32,32,32,5092,32,495,32,-,32,5092,5092,32,32,32,32,5092,32,32,32,32,5085,32,32,32,32,32,5092,32,32,32,298,5092,5092,32,32,32,-,-,32,32,
Lang_54, 2,2,2,2,2,2,2,2,471,2,-,2,2,2,2,2,2,2,2,2,2,2,2,-,2,2,2,2,2,2,2,2,2,215,2,2,2,2,2,-,-,2,2,
Lang_55, 9,9,9,9,9,9,4710,9,471,9,-,9,4710,4710,9,9,9,9,4710,9,9,9,9,-,9,9,9,9,9,4710,9,9,9,260,4710,4710,9,9,9,-,-,9,9,
Lang_56, -,-,-,-,-,-,-,-,-,-,-,-,-,-,-,-,-,-,-,-,-,-,-,-,-,-,-,-,-,-,-,-,-,-,-,-,-,-,-,-,-,-,-,
Lang_57, 1,1,1,1,1,1,1,1,127,1,1,1,1,1,1,1,1,1,1,1,1,1,1,-,1,1,1,1,1,1,1,1,1,84,1,1,1,1,1,1,1,1,1,
Lang_58, 8,8,8,8,8,8,8,8,494,8,-,8,8,8,8,8,8,8,8,8,8,8,8,-,8,8,8,8,8,8,8,8,8,229,8,8,8,8,8,-,-,8,8,
Lang_59, 1,1,1,1,1,1,1,1,479,1,-,1,1,1,1,1,1,1,1,1,1,1,1,-,1,1,1,1,1,1,1,1,1,222,1,1,1,1,1,-,-,1,1,
Lang_60, 3,3,3,3,3,3,3,3,503,3,3,3,3,3,3,3,3,3,3,3,3,3,3,6417,3,3,3,3,3,3,3,3,3,185,3,3,3,3,3,-,-,3,3,
Lang_61, 6,19,19,19,19,19,5752,6,346,19,-,6,5752,5752,6,19,19,6,5752,6,6,6,6,-,6,19,19,19,19,5752,19,6,6,252,5752,5752,19,19,6,-,-,6,19,
Lang_62, 7,7,7,7,7,7,3986,7,470,7,-,7,3986,3986,7,7,7,7,3986,7,7,7,7,3980,7,7,7,7,7,3986,7,7,7,258,3986,3986,7,7,7,-,-,7,7,
Lang_63, 1,1,1,1,1,1,1,1,514,1,1,1,1,1,1,1,1,1,1,1,1,1,1,-,1,1,1,1,1,1,1,1,1,91,1,1,1,1,1,1,1,1,1,
Lang_64, 1,1,1,1,1,1,4702,1,421,1,-,1,4702,4702,1,1,1,1,4702,1,-,1,1,-,1,1,1,1,1,4702,1,1,1,243,4702,4702,1,1,1,-,-,1,1,
Lang_65, 6,6,6,6,6,6,4727,6,395,6,-,6,4727,4727,6,6,6,6,4727,6,6,6,6,-,6,6,6,6,6,4727,6,6,6,256,4727,4727,6,6,6,-,-,6,6,
Math_1, -,-,-,-,-,-,-,-,-,-,-,-,-,-,-,-,-,-,-,-,-,-,-,-,-,-,-,-,-,-,-,-,-,-,-,-,-,-,-,-,-,-,-,
Math_2, 11,11,11,11,11,11,19623,11,5584,11,-,11,19623,19623,11,11,11,11,19623,11,11,11,11,-,11,11,11,11,11,19623,11,11,11,4721,19623,19623,11,11,11,-,-,11,11,
Math_3, 16,16,16,16,16,16,15312,16,5637,16,-,16,15312,15312,16,16,16,16,15312,16,16,16,16,-,16,16,16,16,16,15312,16,16,16,4303,15312,15312,16,16,16,-,-,16,16,
Math_4, 8,1,1,1,1,1,11473,8,5465,1,-,8,11473,11473,8,1,1,8,11473,8,-,8,8,-,8,1,1,1,1,11473,1,8,8,3637,11473,11473,1,1,8,-,-,8,1,
Math_5, 2,2,2,2,2,2,2,2,5540,2,2,2,2,2,2,2,2,2,2,2,2,2,2,-,2,2,2,2,2,2,2,2,2,1817,2,2,2,2,2,2,2,2,2,
Math_6, 274,205,205,214,205,205,205,392,2346,205,205,392,205,205,205,205,205,205,205,282,205,264,274,5903,392,205,205,224,214,205,205,205,392,1332,205,205,205,214,392,205,268,253,205,
Math_7, 6,6,6,6,6,6,6324,6,5308,6,-,6,6324,6324,6,6,6,6,6324,6,6,6,6,6324,6,6,6,6,6,6324,6,6,6,4325,6324,6324,6,6,6,-,-,6,6,
Math_8, 3,3,3,3,3,3,3,3,5453,3,3,3,3,3,3,3,3,3,3,3,3,3,3,-,3,3,3,3,3,3,3,3,3,1806,3,3,3,3,3,3,3,3,3,
Math_9, 2,2,2,2,2,2,2,2,5426,2,2,2,2,2,2,2,2,2,2,2,2,2,2,-,2,2,2,2,2,2,2,2,2,1805,2,2,2,2,2,2,2,2,2,
Math_10, 1,1,1,1,1,1,1,1,5088,1,-,1,1,1,1,1,1,1,1,1,1,1,1,-,1,1,1,1,1,1,1,1,1,2008,1,1,1,1,1,-,-,1,1,
Math_11, 9,9,9,9,9,9,9,9,5080,9,-,9,9,9,9,9,9,9,9,9,9,9,9,-,9,9,9,9,9,9,9,9,9,2015,9,9,9,9,9,-,-,9,9,
Math_12, -,-,-,-,-,-,-,-,-,-,-,-,-,-,-,-,-,-,-,-,-,-,-,-,-,-,-,-,-,-,-,-,-,-,-,-,-,-,-,-,-,-,-,
Math_13, 28,28,28,28,28,28,24892,28,1708,28,-,28,24892,24892,28,28,28,28,24892,28,28,28,28,-,28,28,28,28,28,24892,28,28,28,1696,24892,24892,28,28,28,-,-,28,28,
Math_14, 1673,-,-,-,-,-,24993,-,1642,-,-,-,24993,24993,-,-,-,-,24993,-,-,-,-,24957,-,-,-,-,-,24993,25008,25022,-,1642,24993,24993,-,-,-,-,-,-,-,
Math_15, 2,2,2,2,2,2,21842,2,1818,2,-,2,21842,21842,2,2,2,2,21842,2,2,2,2,-,2,2,2,2,2,21842,2,2,2,1819,21842,21842,2,2,2,-,-,2,2,
Math_16, 124,1,1,1,1,1,12928,124,3712,5,-,124,12928,12928,124,1,1,124,12928,124,-,124,124,13498,124,5,1,5,1,12928,1,124,124,3409,12928,12928,1,1,124,-,-,124,5,
Math_17, 90,90,90,90,90,90,18315,90,3778,90,-,90,18315,18315,90,90,90,90,18315,90,90,90,90,-,90,90,90,90,90,18315,90,90,90,3579,18315,18315,90,90,90,-,-,90,90,
Math_18, -,-,-,-,-,-,-,-,-,-,-,-,-,-,-,-,-,-,-,-,-,-,-,-,-,-,-,-,-,-,-,-,-,-,-,-,-,-,-,-,-,-,-,
Math_19, 15350,-,-,-,-,-,1803,-,-,-,-,-,1803,1803,-,-,-,-,1803,-,-,-,-,1800,-,-,-,-,-,1803,2021,2068,-,-,1803,1803,-,-,-,-,-,-,-,
Math_20, -,-,-,-,-,-,-,-,-,-,-,-,-,-,-,-,-,-,-,-,-,-,-,-,-,-,-,-,-,-,-,-,-,-,-,-,-,-,-,-,-,-,-,
Math_21, -,-,-,-,-,-,-,-,-,-,-,-,-,-,-,-,-,-,-,-,-,-,-,-,-,-,-,-,-,-,-,-,-,-,-,-,-,-,-,-,-,-,-,
Math_22, 16,1,1,1,1,1,1,16,4223,1,1,16,1,1,1,1,1,1,1,16,1,16,16,-,16,1,1,1,1,1,1,1,16,1527,1,1,1,1,16,1,1,1,1,
Math_23, 16,16,16,16,16,16,10331,16,4503,16,-,16,10331,10331,16,16,16,16,10331,16,16,16,16,10321,16,16,16,16,16,10331,16,16,16,3260,10331,10331,16,16,16,-,-,16,16,
Math_24, 17,17,17,17,17,17,10332,17,4503,17,-,17,10332,10332,17,17,17,17,10332,17,17,17,17,10318,17,17,17,17,17,10332,17,17,17,3100,10332,10332,17,17,17,-,-,17,17,
Math_25, -,-,-,-,-,-,-,-,-,-,-,-,-,-,-,-,-,-,-,-,-,-,-,-,-,-,-,-,-,-,-,-,-,-,-,-,-,-,-,-,-,-,-,
Math_26, -,-,-,-,-,-,-,-,-,-,-,-,-,-,-,-,-,-,-,-,-,-,-,-,-,-,-,-,-,-,-,-,-,-,-,-,-,-,-,-,-,-,-,
Math_27, 1,1,1,1,1,1,1,1,4093,1,1,1,1,1,1,1,1,1,1,1,1,1,1,-,1,1,1,1,1,1,1,1,1,1415,1,1,1,1,1,-,-,1,1,
Math_28, 6,6,6,6,6,6,3627,6,4214,6,-,6,3627,3627,6,6,6,6,3627,6,6,6,6,-,6,6,6,6,6,3627,6,6,6,1932,3627,3627,6,6,6,-,-,6,6,
Math_29, 117,1,1,1,1,1,1,118,3293,1,1,118,1,1,1,1,1,1,1,118,1,117,117,-,118,1,1,1,1,1,1,1,118,1388,1,1,1,1,118,1,1,118,1,
Math_30, 9,9,9,9,9,9,9,9,4163,9,9,9,9,9,9,9,9,9,9,9,9,9,9,-,9,9,9,9,9,9,9,9,9,1433,9,9,9,9,9,-,-,9,9,
Math_31, 14,126,121,126,126,126,5997,14,271,94,-,14,5997,5997,17,126,126,14,5997,14,14,14,14,5992,14,94,126,94,126,5997,6109,17,14,271,5997,5997,126,126,14,-,-,14,94,
Math_32, 3,3,3,3,3,3,3,3,4613,3,3,3,3,3,3,3,3,3,3,3,3,3,3,-,3,3,3,3,3,3,3,3,3,1112,3,3,3,3,3,3,3,3,3,
Math_33, 31,31,31,31,31,31,14869,31,3894,31,-,31,14869,14869,31,31,31,31,14869,31,31,31,31,-,31,31,31,31,31,14869,31,31,31,3489,14869,14869,31,31,31,-,-,31,31,
Math_34, 1,1,1,1,1,1,1,1,4042,1,1,1,1,1,1,1,1,1,1,1,1,1,1,-,1,1,1,1,1,1,1,1,1,1391,1,1,1,1,1,-,-,1,1,
Math_35, -,-,-,-,-,-,-,-,-,-,-,-,-,-,-,-,-,-,-,-,-,-,-,-,-,-,-,-,-,-,-,-,-,-,-,-,-,-,-,-,-,-,-,
Math_36, 3,1,1,1,1,1,1,3,3385,1,-,3,1,1,3,1,1,3,1,3,-,3,3,-,3,1,1,1,1,1,1,3,3,1481,1,1,1,1,3,-,-,3,1,
Math_37, 205,8,8,6,8,8,6,205,3288,8,8,205,6,6,13,8,8,13,6,205,13,189,205,-,205,8,6,80,6,6,6,13,205,1379,6,6,8,6,205,6,15,129,8,
Math_38, 5,5,5,5,5,5,5,5,4324,5,5,5,5,5,5,5,5,5,5,5,5,5,5,-,5,5,5,5,5,5,5,5,5,1102,5,5,5,5,5,5,5,5,5,
Math_39, 29,29,29,29,29,29,19250,29,1537,29,-,29,19250,19250,29,29,29,29,19250,29,29,29,29,19259,29,29,29,29,29,19250,29,29,29,1537,19250,19250,29,29,29,-,-,29,29,
Math_40, 24,24,24,24,24,24,14696,24,3792,24,-,24,14696,14696,24,24,24,24,14696,24,24,24,24,14776,24,24,24,24,24,14696,24,24,24,3290,14696,14696,24,24,24,-,-,24,24,
Math_41, 6,6,6,6,6,6,6,6,4014,6,-,6,6,6,6,6,6,6,6,6,6,6,6,-,6,6,6,6,6,6,6,6,6,1514,6,6,6,6,6,-,-,6,6,
Math_42, 26,26,26,26,26,26,15088,26,3725,26,-,26,15088,15088,26,26,26,26,15088,26,26,26,26,-,26,26,26,26,26,15088,26,26,26,3401,15088,15088,26,26,26,-,-,26,26,
Math_43, 5,25,25,25,25,25,19584,5,938,15,-,5,19584,19584,11,25,25,11,19584,5,11,5,5,-,5,15,25,32,25,19584,25,11,5,932,19584,19584,25,25,5,-,5,11,15,
Math_44, 6,6,6,6,6,6,12451,6,657,6,-,6,12451,12451,6,6,6,6,12451,6,6,6,6,12569,6,6,6,6,6,12451,6,6,6,657,12451,12451,6,6,6,-,-,6,6,
Math_45, -,-,-,-,-,-,-,-,-,-,-,-,-,-,-,-,-,-,-,-,-,-,-,-,-,-,-,-,-,-,-,-,-,-,-,-,-,-,-,-,-,-,-,
Math_46, 1,2,2,2,2,2,2,1,3188,2,2,1,2,2,2,2,2,2,2,1,2,1,1,2624,1,2,2,2,2,2,2,2,1,1285,2,2,2,2,1,-,-,2,2,
Math_47, 2,2,2,2,2,2,2,2,3165,2,2,2,2,2,2,2,2,2,2,2,2,2,2,2637,2,2,2,2,2,2,2,2,2,1286,2,2,2,2,2,-,-,2,2,
Math_48, 6,6,6,6,6,6,8938,6,3696,6,-,6,8938,8938,6,6,6,6,8938,6,6,6,6,-,6,6,6,6,6,8938,6,6,6,2415,8938,8938,6,6,6,-,-,6,6,
Math_49, 7,7,7,7,7,7,7,7,3788,7,7,7,7,7,7,7,7,7,7,7,7,7,7,2965,7,7,7,7,7,7,7,7,7,1267,7,7,7,7,7,-,-,7,7,
Math_50, 1,1,1,1,1,1,1,1,3755,1,1,1,1,1,1,1,1,1,1,1,1,1,1,-,1,1,1,1,1,1,1,1,1,979,1,1,1,1,1,1,1,1,1,
Math_51, 24,24,24,24,24,24,15931,24,3288,24,-,24,15931,15931,24,24,24,24,15931,24,24,24,24,-,24,24,24,24,24,15931,24,24,24,2960,15931,15931,24,24,24,-,-,24,24,
Math_52, -,-,-,-,-,-,-,-,-,-,-,-,-,-,-,-,-,-,-,-,-,-,-,-,-,-,-,-,-,-,-,-,-,-,-,-,-,-,-,-,-,-,-,
Math_53, 1,1,1,1,1,1,13769,1,3104,1,-,1,13769,13769,1,1,1,1,13769,1,1,1,1,-,1,1,1,1,1,13769,1,1,1,2818,13769,13769,1,1,1,-,-,1,1,
Math_54, 136,136,136,136,136,136,13716,136,2731,136,-,136,13716,13716,136,136,136,136,13716,136,136,136,136,-,136,136,136,136,136,13716,136,136,136,2718,13716,13716,136,136,136,-,-,136,136,
Math_55, 1,1,1,1,1,1,3987,1,3017,1,-,1,3987,3987,1,1,1,1,3987,1,1,1,1,-,1,1,1,1,1,3987,1,1,1,1705,3987,3987,1,1,1,-,-,1,1,
Math_56, 3,3,3,3,3,3,3,3,3023,3,3,3,3,3,3,3,3,3,3,3,3,3,3,-,3,3,3,3,3,3,3,3,3,886,3,3,3,3,3,3,3,3,3,
Math_57, 14,14,14,14,14,14,14,14,3070,14,-,14,14,14,14,14,14,14,14,14,14,14,14,-,14,14,14,14,14,14,14,14,14,1328,14,14,14,14,14,-,-,14,14,
Math_58, 6,6,6,6,6,6,7477,6,3073,6,-,6,7477,7477,6,6,6,6,7477,6,6,6,6,-,6,6,6,6,6,7477,6,6,6,1995,7477,7477,6,6,6,-,-,6,6,
Math_59, 1,1,1,1,1,1,1,1,3170,1,1,1,1,1,1,1,1,1,1,1,1,1,1,-,1,1,1,1,1,1,1,1,1,917,1,1,1,1,1,1,1,1,1,
Math_60, 21,21,21,21,21,21,9102,21,3055,21,-,21,9102,9102,21,21,21,21,9102,21,21,21,21,-,21,21,21,21,21,9102,21,21,21,2119,9102,9102,21,21,21,-,-,21,21,
Math_61, -,-,-,-,-,-,-,-,-,-,-,-,-,-,-,-,-,-,-,-,-,-,-,-,-,-,-,-,-,-,-,-,-,-,-,-,-,-,-,-,-,-,-,
Math_62, 10,10,10,10,10,10,10,10,3366,10,10,10,10,10,10,10,10,10,10,10,10,10,10,-,10,10,10,10,10,10,10,10,10,1069,10,10,10,10,10,-,-,10,10,
Math_63, 8,8,8,8,8,8,8,8,2987,8,8,8,8,8,8,8,8,8,8,8,8,8,8,-,8,8,8,8,8,8,8,8,8,911,8,8,8,8,8,8,8,8,8,
Math_64, 205,206,206,206,206,206,1741,205,862,205,-,205,1741,1741,205,206,206,205,1741,205,205,205,205,1741,205,205,206,205,206,1741,206,205,205,861,1741,1741,206,206,205,-,-,205,205,
Math_65, 9,9,9,9,9,9,9,9,1188,9,9,9,9,9,9,9,9,9,9,9,9,9,9,-,9,9,9,9,9,9,9,9,9,625,9,9,9,9,9,9,9,9,9,
Math_66, 8,45,45,65,45,45,65,8,1529,43,45,8,65,65,43,45,45,43,65,8,43,8,8,2413,8,43,38,3,65,65,45,43,8,768,65,65,45,65,8,-,43,43,43,
Math_67, 22,22,22,22,22,22,22,22,2551,22,22,22,22,22,22,22,22,22,22,22,22,22,22,-,22,22,22,22,22,22,22,22,22,594,22,22,22,22,22,22,22,22,22,
Math_68, 128,128,128,129,128,128,10963,128,1451,128,-,128,10963,10963,128,128,128,128,10963,128,128,128,128,10959,128,128,128,128,129,10963,128,128,128,1274,10963,10963,128,129,128,-,-,128,128,
Math_69, 2,2,2,2,2,2,5206,2,2021,2,-,2,5206,5206,2,2,2,2,5206,2,2,2,2,-,2,2,2,2,2,5206,2,2,2,835,5206,5206,2,2,2,-,-,2,2,
Math_70, 1,1,1,1,1,1,1,1,2342,1,1,1,1,1,1,1,1,1,1,1,1,1,1,-,1,1,1,1,1,1,1,1,1,505,1,1,1,1,1,1,1,1,1,
Math_71, 196,1,1,1,1,1,1,196,2190,1,1,196,1,1,1,1,1,1,1,196,1,196,196,-,196,1,1,1,1,1,1,1,196,672,1,1,1,1,196,1,1,1,1,
Math_72, 4,4,4,4,4,4,4,4,2317,4,4,4,4,4,4,4,4,4,4,4,4,4,4,-,4,4,4,4,4,4,4,4,4,512,4,4,4,4,4,4,4,4,4,
Math_73, 1,1,1,1,1,1,1,1,2317,1,1,1,1,1,1,1,1,1,1,1,1,1,1,-,1,1,1,1,1,1,1,1,1,509,1,1,1,1,1,1,1,1,1,
Math_74, 346,346,346,346,346,346,8461,346,754,346,-,346,8461,8461,346,346,346,346,8461,346,346,346,346,8324,346,346,346,346,346,8461,346,346,346,773,8461,8461,346,346,346,-,-,346,346,
Math_75, 2,2,2,2,2,2,2,2,2378,2,2,2,2,2,2,2,2,2,2,2,2,2,2,-,2,2,2,2,2,2,2,2,2,509,2,2,2,2,2,2,2,2,2,
Math_76, 16,16,16,17,16,16,4492,16,2017,16,-,16,4492,4492,16,16,16,16,4492,16,16,16,16,4489,16,16,16,16,17,4492,16,16,16,1296,4492,4492,16,17,16,-,-,16,16,
Math_77, 2,2,2,2,2,2,2,2,2172,2,2,2,2,2,2,2,2,2,2,2,2,2,2,-,2,2,2,2,2,2,2,2,2,643,2,2,2,2,2,2,2,2,2,
Math_78, 32,32,32,32,32,32,14486,32,389,32,-,32,14486,14486,32,32,32,32,14486,32,32,32,32,-,32,32,32,32,32,14486,32,32,32,389,14486,14486,32,32,32,-,-,32,32,
Math_79, 25,25,25,25,25,25,3619,25,2300,25,-,25,3619,3619,25,25,25,25,3619,25,25,25,25,-,25,25,25,25,25,3619,25,25,25,992,3619,3619,25,25,25,-,-,25,25,
Math_80, 18,18,18,18,18,18,18,18,2618,18,18,18,18,18,18,18,18,18,18,18,18,18,18,-,18,18,18,18,18,18,18,18,18,523,18,18,18,18,18,18,18,18,18,
Math_81, 6,6,6,6,6,6,6,6,2498,6,-,6,6,6,6,6,6,6,6,6,6,6,6,3907,6,6,6,6,6,6,6,6,6,813,6,6,6,6,6,-,-,6,6,
Math_82, 60,60,60,60,60,60,10555,60,2128,60,-,60,10555,10555,60,60,60,60,10555,60,60,60,60,-,60,60,60,60,60,10555,60,60,60,1820,10555,10555,60,60,60,-,-,60,60,
Math_83, 12,12,12,12,12,12,9609,12,2038,12,-,12,9609,9609,12,12,12,12,9609,12,12,12,12,-,12,12,12,12,12,9609,12,12,12,1734,9609,9609,12,12,12,-,-,12,12,
Math_84, 71,22,22,22,22,22,22,71,2100,22,-,71,22,22,71,22,22,71,22,71,-,71,71,-,71,30,22,30,22,22,22,71,71,887,22,22,22,22,71,-,-,71,30,
Math_85, 36,36,36,36,36,36,10780,36,1931,36,-,36,10780,10780,36,36,36,36,10780,36,36,36,36,-,36,36,36,36,36,10780,36,36,36,1821,10780,10780,36,36,36,-,-,36,36,
Math_86, -,-,-,-,-,-,-,-,-,-,-,-,-,-,-,-,-,-,-,-,-,-,-,-,-,-,-,-,-,-,-,-,-,-,-,-,-,-,-,-,-,-,-,
Math_87, 100,100,100,100,100,100,8393,100,2111,100,-,100,8393,8393,100,100,100,100,8393,100,100,100,100,8375,100,100,100,100,100,8393,100,100,100,1909,8393,8393,100,100,100,-,-,100,100,
Math_88, 1,1,1,1,1,1,1,1,2142,1,-,1,1,1,1,1,1,1,1,1,1,1,1,-,1,1,1,1,1,1,1,1,1,807,1,1,1,1,1,-,-,1,1,
Math_89, 1,1,1,1,1,1,1,1,1758,1,-,1,1,1,1,1,1,1,1,1,-,1,1,-,1,1,1,1,1,1,1,1,1,761,1,1,1,1,1,-,-,1,1,
Math_90, 4,4,4,4,4,4,9849,4,1501,4,-,4,9849,9849,4,4,4,4,9849,4,-,4,4,-,4,4,4,4,4,9849,4,4,4,1275,9849,9849,4,4,4,-,-,4,4,
Math_91, 2,2,2,2,2,2,2,2,1788,2,2,2,2,2,2,2,2,2,2,2,2,2,2,-,2,2,2,2,2,2,2,2,2,568,2,2,2,2,2,2,2,2,2,
Math_92, 1,1,1,1,1,1,1,1,1410,1,-,1,1,1,1,1,1,1,1,1,-,1,1,1477,1,1,1,1,1,1,1,1,1,838,1,1,1,1,1,-,-,1,1,
Math_93, 2,2,2,2,2,2,2,2,1432,2,-,2,2,2,2,2,2,2,2,2,-,2,2,-,2,2,2,2,2,2,2,2,2,839,2,2,2,2,2,-,-,2,2,
Math_94, 21,21,21,21,21,21,8782,21,741,21,-,21,8782,8782,21,21,21,21,8782,21,-,21,21,-,21,21,21,21,21,8782,21,21,21,672,8782,8782,21,21,21,-,-,21,21,
Math_95, 3,3,3,3,3,3,3,3,1217,3,-,3,3,3,3,3,3,3,3,3,-,3,3,-,3,3,3,3,3,3,3,3,3,720,3,3,3,3,3,-,-,3,3,
Math_96, 6,6,6,6,6,6,6415,6,799,6,-,6,6415,6415,6,6,6,6,6415,6,-,6,6,-,6,6,6,6,6,6415,6,6,6,737,6415,6415,6,6,6,-,-,6,6,
Math_97, 1,1,1,1,1,1,1209,1,440,1,-,1,1209,1209,1,1,1,1,1209,1,-,1,1,-,1,1,1,1,1,1209,1,1,1,402,1209,1209,1,1,1,-,-,1,1,
Math_98, 6,6,6,6,6,6,6,6,1004,6,-,6,6,6,6,6,6,6,6,6,-,6,6,-,6,6,6,6,6,6,6,6,6,508,6,6,6,6,6,-,-,6,6,
Math_99, 23,1,1,1,1,1,1,23,1462,1,-,23,1,1,1,1,1,1,1,23,1,23,23,-,23,1,1,23,1,1,1,1,23,709,1,1,1,1,23,1,1,1,1,
Math_100, 9,9,9,9,9,9,9,9,1122,9,-,9,9,9,9,9,9,9,9,9,-,9,9,809,9,9,9,9,9,9,9,9,9,454,9,9,9,9,9,-,-,9,9,
Math_101, 4,4,4,4,4,4,5184,4,703,4,-,4,5184,5184,4,4,4,4,5184,4,-,4,4,-,4,4,4,4,4,5184,4,4,4,469,5184,5184,4,4,4,-,-,4,4,
Math_102, 17,20,20,24,20,20,5117,17,297,19,-,17,5117,5117,19,20,20,19,5117,17,-,17,17,-,17,18,24,15,24,5117,20,19,17,254,5117,5117,20,24,17,-,17,19,18,
Math_103, 7,7,7,7,7,7,3100,7,944,7,-,7,3100,3100,7,7,7,7,3100,7,-,7,7,-,7,7,7,7,7,3100,7,7,7,776,3100,3100,7,7,7,-,-,7,7,
Math_104, -,-,-,-,-,-,-,-,-,-,-,-,-,-,-,-,-,-,-,-,-,-,-,-,-,-,-,-,-,-,-,-,-,-,-,-,-,-,-,-,-,-,-,
Math_105, 1,1,1,1,1,1,2675,1,513,1,-,1,2675,2675,1,1,1,1,2675,1,1,1,1,-,1,1,1,1,1,2675,1,1,1,409,2675,2675,1,1,1,-,-,1,1,
Math_106, 7,7,7,7,7,7,7,7,563,7,-,7,7,7,7,7,7,7,7,7,7,7,7,-,7,7,7,7,7,7,7,7,7,251,7,7,7,7,7,-,-,7,7,
Closure_1, 107,129,129,223,129,129,16715,107,8817,112,-,107,16715,16715,110,129,129,110,16715,107,110,107,107,-,107,112,172,314,223,16715,130,110,107,8697,16715,16715,129,223,107,-,107,110,112,
Closure_2, 8,8,8,8,8,8,9967,8,13058,8,-,8,9967,9967,8,8,8,8,9967,8,8,8,8,-,8,8,8,8,8,9967,8,8,8,11868,9967,9967,8,8,8,-,-,8,8,
Closure_3, 230,231,231,233,231,231,15973,230,9974,231,-,230,15973,15973,230,231,231,230,15973,230,230,230,230,-,230,231,233,234,233,15973,233,230,230,9903,15973,15973,231,233,230,-,-,230,231,
Closure_4, 134,166,166,167,166,166,20176,134,5180,142,-,134,20176,20176,134,166,166,134,20176,134,134,134,134,20047,134,142,166,296,167,20176,15694,134,134,5180,20176,20176,166,167,134,-,-,134,142,
Closure_5, -,-,-,-,-,-,-,-,-,-,-,-,-,-,-,-,-,-,-,-,-,-,-,-,-,-,-,-,-,-,-,-,-,-,-,-,-,-,-,-,-,-,-,
Closure_6, 494,1,1,1,1,1,1,2444,4799,1,1,2444,1,1,1,1,1,1,1,1273,1,494,494,-,2444,1,1,9,1,1,1,1,2444,4799,1,1,1,1,2444,1,1,1,1,
Closure_7, -,-,-,-,-,-,-,-,-,-,-,-,-,-,-,-,-,-,-,-,-,-,-,-,-,-,-,-,-,-,-,-,-,-,-,-,-,-,-,-,-,-,-,
Closure_8, -,-,-,-,-,-,-,-,-,-,-,-,-,-,-,-,-,-,-,-,-,-,-,-,-,-,-,-,-,-,-,-,-,-,-,-,-,-,-,-,-,-,-,
Closure_9, 3,3,3,3,3,3,7444,3,12799,3,-,3,7444,7444,3,3,3,3,7444,3,3,3,3,-,3,3,3,3,3,7444,3,3,3,10708,7444,7444,3,3,3,-,-,3,3,
Closure_10, 120,120,120,120,120,120,12503,120,12138,120,-,120,12503,12503,120,120,120,120,12503,120,120,120,120,-,120,120,120,120,120,12503,120,120,120,11800,12503,12503,120,120,120,-,-,120,120,
Closure_11, 367,477,457,477,477,477,22860,367,2838,419,-,367,22860,22860,369,477,477,367,22860,367,367,367,367,-,367,419,477,419,477,22860,22855,369,367,2838,22860,22860,477,477,367,-,-,367,419,
Closure_12, 368,368,368,368,368,368,19136,368,6525,368,-,368,19136,19136,368,368,368,368,19136,368,368,368,368,-,368,368,368,368,368,19136,7261,368,368,6525,19136,19136,368,368,368,-,-,368,368,
Closure_13, 2209,2209,2209,2209,2209,2209,21288,2209,4445,2209,-,2209,21288,21288,2209,2209,2209,2209,21288,2209,2209,2209,2209,-,2209,2209,2209,2209,2209,21288,21194,2209,2209,4445,21288,21288,2209,2209,2209,-,-,2209,2209,
Closure_14, 2,4,4,4,4,4,7417,2,11176,3,-,2,7417,7417,3,4,4,3,7417,2,3,2,2,-,2,3,4,88,4,7417,4,3,2,9460,7417,7417,4,4,2,-,3,3,3,
Closure_15, -,-,-,-,-,-,-,-,-,-,-,-,-,-,-,-,-,-,-,-,-,-,-,-,-,-,-,-,-,-,-,-,-,-,-,-,-,-,-,-,-,-,-,
Closure_16, -,-,-,-,-,-,-,-,-,-,-,-,-,-,-,-,-,-,-,-,-,-,-,-,-,-,-,-,-,-,-,-,-,-,-,-,-,-,-,-,-,-,-,
Closure_17, -,-,-,-,-,-,-,-,-,-,-,-,-,-,-,-,-,-,-,-,-,-,-,-,-,-,-,-,-,-,-,-,-,-,-,-,-,-,-,-,-,-,-,
Closure_18, 1689,1527,1527,1527,1527,1527,24526,1527,1182,1527,-,1527,-,24526,1527,1527,1527,1527,24526,1527,1527,1527,1527,-,1527,1527,1527,1527,1527,24526,24526,1527,1527,1182,24526,24526,1527,1527,1527,-,-,1527,1527,
Closure_19, 2,2,2,2,2,2,2,2,4411,2,2,2,2,2,2,2,2,2,2,2,2,2,2,-,2,2,2,2,2,2,2,2,2,4411,2,2,2,2,2,2,2,2,2,
Closure_20, 4,4,4,4,4,4,4,4,12693,4,4,4,4,4,4,4,4,4,4,4,4,4,4,-,4,4,4,4,4,4,4,4,4,7794,4,4,4,4,4,4,4,4,4,
Closure_21, 2,2,2,2,2,2,2,2,4748,2,2,2,2,2,2,2,2,2,2,2,2,2,2,-,2,2,2,2,2,2,2,2,2,4748,2,2,2,2,2,-,-,2,2,
Closure_22, 2,2,2,2,2,2,2,2,4751,2,2,2,2,2,2,2,2,2,2,2,2,2,2,1951,2,2,2,2,2,2,2,2,2,4751,2,2,2,2,2,2,2,2,2,
Closure_23, 4,4,4,4,4,4,4,4,12522,4,4,4,4,4,4,4,4,4,4,4,4,4,4,-,4,4,4,4,4,4,4,4,4,7679,4,4,4,4,4,4,4,4,4,
Closure_24, -,-,-,-,-,-,-,-,-,-,-,-,-,-,-,-,-,-,-,-,-,-,-,-,-,-,-,-,-,-,-,-,-,-,-,-,-,-,-,-,-,-,-,
Closure_25, 56,56,56,56,56,56,15532,56,4196,56,-,56,15532,15532,56,56,56,56,15532,56,56,56,56,-,56,56,56,56,56,15532,56,56,56,4196,15532,15532,56,56,56,-,-,56,56,
Closure_26, -,-,-,-,-,-,-,-,-,-,-,-,-,-,-,-,-,-,-,-,-,-,-,-,-,-,-,-,-,-,-,-,-,-,-,-,-,-,-,-,-,-,-,
Closure_27, 1065,5,5,5,5,5,5,8,11378,5,5,8,5,5,5,5,5,5,5,5,5,5,5,-,8,5,5,12,5,5,5,5,8,7789,5,5,5,5,8,5,5,5,5,
Closure_28, -,-,-,-,-,-,-,-,-,-,-,-,-,-,-,-,-,-,-,-,-,-,-,-,-,-,-,-,-,-,-,-,-,-,-,-,-,-,-,-,-,-,-,
Closure_29, -,-,-,-,-,-,-,-,-,-,-,-,-,-,-,-,-,-,-,-,-,-,-,-,-,-,-,-,-,-,-,-,-,-,-,-,-,-,-,-,-,-,-,
Closure_30, 99,184,184,186,184,184,15434,99,6857,181,-,99,15434,15434,101,184,184,101,15434,99,101,99,99,-,99,181,186,243,186,15434,184,101,99,6829,15434,15434,184,186,99,-,-,101,181,
Closure_31, 1734,1043,1043,1043,1043,1043,23954,1043,1157,1043,-,1043,-,23954,1043,1043,1043,1043,23954,1043,1043,1043,1043,-,1043,1043,1043,1043,1043,23954,23954,1043,1043,1157,23954,23954,1043,1043,1043,-,-,1043,1043,
Closure_32, 19,19,19,21,19,19,10329,19,10173,19,-,19,10329,10329,19,19,19,19,10329,19,19,19,19,-,19,19,21,241,21,10329,19,19,19,9333,10329,10329,19,21,19,-,19,19,19,
Closure_33, 289,289,289,289,289,289,19829,289,5277,289,-,289,19829,19829,289,289,289,289,19829,289,289,289,289,-,289,289,289,289,289,19829,18326,289,289,5277,19829,19829,289,289,289,-,-,289,289,
Closure_34, 971,3,3,3,3,3,15775,3,3190,3,-,3,15775,15775,3,3,3,3,15775,3,3,3,3,15775,3,3,3,3,3,15775,15775,3,3,3190,15775,15775,3,3,3,-,-,3,3,
Closure_35, 1,1,1,1,1,1,6212,1,3616,1,-,1,6212,6212,1,1,1,1,6212,1,1,1,1,6212,1,1,1,1,1,6212,1,1,1,3616,6212,6212,1,1,1,-,-,1,1,
Closure_36, -,-,-,-,-,-,-,-,-,-,-,-,-,-,-,-,-,-,-,-,-,-,-,-,-,-,-,-,-,-,-,-,-,-,-,-,-,-,-,-,-,-,-,
Closure_37, 2549,717,717,717,717,717,23963,717,1024,717,-,717,-,23963,717,717,717,717,23963,717,717,717,717,-,717,717,717,717,717,23963,23963,717,717,1024,23963,23963,717,717,717,-,-,717,717,
Closure_38, 616,34,34,34,34,34,21699,34,3283,34,-,34,21699,21699,34,34,34,34,21699,34,34,34,34,-,34,34,34,34,34,21699,21655,34,34,3283,21699,21699,34,34,34,-,-,34,34,
Closure_39, 4,5,5,5,5,5,7628,4,9873,6,-,4,7628,7628,4,5,5,4,7628,4,4,4,4,-,4,6,5,6,5,7628,5,4,4,9617,7628,7628,5,5,4,-,-,4,6,
Closure_40, -,-,-,-,-,-,-,-,-,-,-,-,-,-,-,-,-,-,-,-,-,-,-,-,-,-,-,-,-,-,-,-,-,-,-,-,-,-,-,-,-,-,-,
Closure_41, 307,348,345,348,348,348,21670,307,2302,324,-,307,21670,21670,307,348,348,307,21670,307,307,307,307,-,307,324,348,328,348,21670,21668,307,307,2302,21670,21670,348,348,307,-,-,307,324,
Closure_42, -,-,-,-,-,-,-,-,-,-,-,-,-,-,-,-,-,-,-,-,-,-,-,-,-,-,-,-,-,-,-,-,-,-,-,-,-,-,-,-,-,-,-,
Closure_43, -,-,-,-,-,-,-,-,-,-,-,-,-,-,-,-,-,-,-,-,-,-,-,-,-,-,-,-,-,-,-,-,-,-,-,-,-,-,-,-,-,-,-,
Closure_44, 937,129,129,129,129,129,23091,129,1504,129,-,129,23091,23091,129,129,129,129,23091,129,129,129,129,-,129,129,129,129,129,23091,23083,129,129,1504,23091,23091,129,129,129,-,-,129,129,
Closure_45, 133,133,133,133,133,133,15819,133,8615,133,-,133,15819,15819,133,133,133,133,15819,133,133,133,133,-,133,133,133,133,133,15819,133,133,133,8482,15819,15819,133,133,133,-,-,133,133,
Closure_46, 1,1,1,13,1,1,4364,1,10079,1,-,1,4364,4364,1,1,1,1,4364,1,1,1,1,7061,1,1,9,1,13,4364,1,1,1,7790,4364,4364,1,13,1,-,1,1,1,
Closure_47, 135,118,118,4,118,118,118,135,7422,118,118,135,118,118,118,118,118,118,118,135,118,135,135,-,135,118,118,304,4,118,118,118,135,6718,118,118,118,4,135,118,135,115,118,
Closure_48, -,-,-,-,-,-,-,-,-,-,-,-,-,-,-,-,-,-,-,-,-,-,-,-,-,-,-,-,-,-,-,-,-,-,-,-,-,-,-,-,-,-,-,
Closure_49, 345,664,663,952,664,664,21926,83,3152,650,-,83,21926,21926,631,664,664,398,21926,329,398,303,345,-,83,633,804,567,952,21926,750,631,83,3152,21926,21926,664,952,83,-,345,88,633,
Closure_50, 17,27,27,33,27,27,33,17,10845,27,27,17,33,33,27,27,27,27,33,17,27,17,17,-,17,27,27,27,33,33,27,27,17,7727,33,33,27,33,17,-,-,27,27,
Closure_51, 607,33,33,33,33,33,22661,33,3117,33,-,33,22661,22661,33,33,33,33,22661,33,33,33,33,-,33,33,33,33,33,22661,22658,33,33,3117,22661,22661,33,33,33,-,-,33,33,
Closure_52, 5,5,5,5,5,5,12563,5,11308,5,-,5,12563,12563,5,5,5,5,12563,5,5,5,5,-,5,5,5,5,5,12563,5,5,5,10667,12563,12563,5,5,5,-,-,5,5,
Closure_53, -,-,-,-,-,-,-,-,-,-,-,-,-,-,-,-,-,-,-,-,-,-,-,-,-,-,-,-,-,-,-,-,-,-,-,-,-,-,-,-,-,-,-,
Closure_54, 3759,3438,3260,3438,3438,3438,25278,2011,316,3283,-,2011,-,25278,3296,3438,3438,2011,25278,2424,2011,2380,3296,-,2011,3220,3438,3228,3438,25278,25278,3296,2011,316,25278,25278,3438,3438,2011,-,-,2011,3220,
Closure_55, 26,26,26,26,26,26,11649,26,11500,26,-,26,11649,11649,26,26,26,26,11649,26,26,26,26,-,26,26,26,26,26,11649,26,26,26,10638,11649,11649,26,26,26,-,-,26,26,
Closure_56, 1,32,32,32,32,32,15030,1,9340,27,-,1,15030,15030,6,32,32,6,15030,1,6,1,1,-,1,27,32,206,32,15030,32,6,1,9094,15030,15030,32,32,1,-,-,6,27,
Closure_57, 3,3,3,3,3,3,8649,3,11722,3,-,3,8649,8649,3,3,3,3,8649,3,3,3,3,-,3,3,3,3,3,8649,3,3,3,10000,8649,8649,3,3,3,-,-,3,3,
Closure_58, 1,1,1,1,1,1,1,1,11826,1,-,1,1,1,1,1,1,1,1,1,1,1,1,2992,1,1,1,1,1,1,1,1,1,7803,1,1,1,1,1,-,-,1,1,
Closure_59, 4762,4318,4318,4318,4318,4318,24471,4318,614,4318,-,4318,-,24471,4318,4318,4318,4318,24471,4318,4318,4318,4318,-,4318,4318,4318,4318,4318,24471,24471,4318,4318,614,24471,24471,4318,4318,4318,-,-,4318,4318,
Closure_60, 1,6,6,6,6,6,7514,1,8046,4,-,1,7514,7514,1,6,6,1,7514,1,1,1,1,16014,1,4,6,4,6,7514,6,1,1,8061,7514,7514,6,6,1,-,-,1,4,
Closure_61, 76,87,87,87,87,87,428,76,3720,82,-,76,428,428,76,87,87,76,428,76,76,76,76,426,76,79,87,112,87,428,89,76,76,3720,428,428,87,87,76,-,-,76,79,
Closure_62, 1,1,1,1,1,1,1,1,10489,1,1,1,1,1,1,1,1,1,1,1,1,1,1,-,1,1,1,1,1,1,1,1,1,7240,1,1,1,1,1,-,-,1,1,
Closure_63, 1,1,1,1,1,1,1,1,10483,1,1,1,1,1,1,1,1,1,1,1,1,1,1,-,1,1,1,1,1,1,1,1,1,7240,1,1,1,1,1,-,-,1,1,
Closure_64, 2332,2174,2174,2174,2174,2174,-,2174,1258,2174,-,2174,-,-,2174,2174,2174,2174,-,2174,2174,2174,2174,-,2174,2174,2174,2174,2174,-,-,2174,2174,1258,-,-,2174,2174,2174,-,-,2174,2174,
Closure_65, 1,1,1,1,1,1,1,1,11625,1,1,1,1,1,1,1,1,1,1,1,1,1,1,-,1,1,1,1,1,1,1,1,1,6466,1,1,1,1,1,1,1,1,1,
Closure_66, 195,202,196,202,202,202,22212,121,2547,187,-,121,22212,22212,121,202,202,121,22212,121,121,121,121,-,121,181,202,181,202,22212,22191,121,121,2547,22212,22212,202,202,121,-,-,121,181,
Closure_67, -,-,-,-,-,-,-,-,-,-,-,-,-,-,-,-,-,-,-,-,-,-,-,-,-,-,-,-,-,-,-,-,-,-,-,-,-,-,-,-,-,-,-,
Closure_68, 2,2,2,2,2,2,2,2,2468,2,2,2,2,2,2,2,2,2,2,2,2,2,2,6264,2,2,2,2,2,2,2,2,2,2468,2,2,2,2,2,-,-,2,2,
Closure_69, 10,310,290,312,310,310,21115,10,3591,161,-,10,21115,21115,10,310,310,10,21115,10,10,10,10,-,10,160,311,380,312,21115,21057,10,10,3591,21115,21115,310,312,10,-,-,10,160,
Closure_70, -,-,-,-,-,-,-,-,-,-,-,-,-,-,-,-,-,-,-,-,-,-,-,-,-,-,-,-,-,-,-,-,-,-,-,-,-,-,-,-,-,-,-,
Closure_71, 39,54,54,54,54,54,15523,39,8056,51,-,39,15523,15523,40,54,54,40,15523,39,40,39,39,-,39,51,54,51,54,15523,54,40,39,7953,15523,15523,54,54,39,-,-,40,51,
Closure_72, 166,166,166,166,166,166,18228,166,5706,166,-,166,18228,18228,166,166,166,166,18228,166,166,166,166,-,166,166,166,166,166,18228,166,166,166,5706,18228,18228,166,166,166,-,-,166,166,
Closure_73, 13,10,10,10,10,10,19501,10,4015,10,-,10,19501,19501,10,10,10,10,19501,10,10,10,10,-,10,10,10,10,10,19501,19418,10,10,4015,19501,19501,10,10,10,-,-,10,10,
Closure_74, 3,56,56,89,56,56,7016,3,9478,30,-,3,7016,7016,11,56,56,11,7016,3,11,3,3,-,3,30,89,774,89,7016,72,11,3,7748,7016,7016,56,89,3,-,11,10,30,
Closure_75, 1,1,1,1,1,1,1,1,11004,1,1,1,1,1,1,1,1,1,1,1,1,1,1,-,1,1,1,1,1,1,1,1,1,5967,1,1,1,1,1,1,1,1,1,
Closure_76, 14,29,29,25,29,29,20,14,8951,29,-,14,20,20,20,29,29,20,20,14,20,14,14,-,14,29,29,14,25,20,29,20,14,7368,20,20,29,25,14,-,19,17,29,
Closure_77, 7,7,7,7,7,7,2947,7,3846,7,-,7,2947,2947,7,7,7,7,2947,7,7,7,7,18730,7,7,7,7,7,2947,7,7,7,3846,2947,2947,7,7,7,-,-,7,7,
Closure_78, 2,2,2,2,2,2,2,2,10929,2,2,2,2,2,2,2,2,2,2,2,2,2,2,-,2,2,2,2,2,2,2,2,2,5932,2,2,2,2,2,2,2,2,2,
Closure_79, -,-,-,-,-,-,-,-,-,-,-,-,-,-,-,-,-,-,-,-,-,-,-,-,-,-,-,-,-,-,-,-,-,-,-,-,-,-,-,-,-,-,-,
Closure_80, -,-,-,-,-,-,-,-,-,-,-,-,-,-,-,-,-,-,-,-,-,-,-,-,-,-,-,-,-,-,-,-,-,-,-,-,-,-,-,-,-,-,-,
Closure_81, -,-,-,-,-,-,-,-,-,-,-,-,-,-,-,-,-,-,-,-,-,-,-,-,-,-,-,-,-,-,-,-,-,-,-,-,-,-,-,-,-,-,-,
Closure_82, 381,1117,-,1117,1117,1117,7167,1117,-,-,-,1117,-,7167,-,1117,1117,1117,7167,1117,-,-,-,-,1117,1117,1117,1117,1117,7167,7167,7167,1117,-,7167,7167,1117,1117,1117,-,-,1117,1117,
Closure_83, -,-,-,-,-,-,-,-,-,-,-,-,-,-,-,-,-,-,-,-,-,-,-,-,-,-,-,-,-,-,-,-,-,-,-,-,-,-,-,-,-,-,-,
Closure_84, -,-,-,-,-,-,-,-,-,-,-,-,-,-,-,-,-,-,-,-,-,-,-,-,-,-,-,-,-,-,-,-,-,-,-,-,-,-,-,-,-,-,-,
Closure_85, -,-,-,-,-,-,-,-,-,-,-,-,-,-,-,-,-,-,-,-,-,-,-,-,-,-,-,-,-,-,-,-,-,-,-,-,-,-,-,-,-,-,-,
Closure_86, -,-,-,-,-,-,-,-,-,-,-,-,-,-,-,-,-,-,-,-,-,-,-,-,-,-,-,-,-,-,-,-,-,-,-,-,-,-,-,-,-,-,-,
Closure_87, -,-,-,-,-,-,-,-,-,-,-,-,-,-,-,-,-,-,-,-,-,-,-,-,-,-,-,-,-,-,-,-,-,-,-,-,-,-,-,-,-,-,-,
Closure_88, -,-,-,-,-,-,-,-,-,-,-,-,-,-,-,-,-,-,-,-,-,-,-,-,-,-,-,-,-,-,-,-,-,-,-,-,-,-,-,-,-,-,-,
Closure_89, -,-,-,-,-,-,-,-,-,-,-,-,-,-,-,-,-,-,-,-,-,-,-,-,-,-,-,-,-,-,-,-,-,-,-,-,-,-,-,-,-,-,-,
Closure_90, 1099,-,-,-,-,-,5730,-,-,-,-,-,-,5730,-,-,-,-,5730,-,-,-,-,5247,-,-,-,-,-,5730,5730,5730,-,-,5730,5730,-,-,-,-,-,-,-,
Closure_91, -,-,-,-,-,-,-,-,-,-,-,-,-,-,-,-,-,-,-,-,-,-,-,-,-,-,-,-,-,-,-,-,-,-,-,-,-,-,-,-,-,-,-,
Closure_92, -,-,-,-,-,-,-,-,-,-,-,-,-,-,-,-,-,-,-,-,-,-,-,-,-,-,-,-,-,-,-,-,-,-,-,-,-,-,-,-,-,-,-,
Closure_93, -,-,-,-,-,-,-,-,-,-,-,-,-,-,-,-,-,-,-,-,-,-,-,-,-,-,-,-,-,-,-,-,-,-,-,-,-,-,-,-,-,-,-,
Closure_94, -,-,-,-,-,-,-,-,-,-,-,-,-,-,-,-,-,-,-,-,-,-,-,-,-,-,-,-,-,-,-,-,-,-,-,-,-,-,-,-,-,-,-,
Closure_95, -,-,-,-,-,-,-,-,-,-,-,-,-,-,-,-,-,-,-,-,-,-,-,-,-,-,-,-,-,-,-,-,-,-,-,-,-,-,-,-,-,-,-,
Closure_96, -,-,-,-,-,-,-,-,-,-,-,-,-,-,-,-,-,-,-,-,-,-,-,-,-,-,-,-,-,-,-,-,-,-,-,-,-,-,-,-,-,-,-,
Closure_97, -,-,-,-,-,-,-,-,-,-,-,-,-,-,-,-,-,-,-,-,-,-,-,-,-,-,-,-,-,-,-,-,-,-,-,-,-,-,-,-,-,-,-,
Closure_98, -,-,-,-,-,-,-,-,-,-,-,-,-,-,-,-,-,-,-,-,-,-,-,-,-,-,-,-,-,-,-,-,-,-,-,-,-,-,-,-,-,-,-,
Closure_99, -,-,-,-,-,-,-,-,-,-,-,-,-,-,-,-,-,-,-,-,-,-,-,-,-,-,-,-,-,-,-,-,-,-,-,-,-,-,-,-,-,-,-,
Closure_100, -,-,-,-,-,-,-,-,-,-,-,-,-,-,-,-,-,-,-,-,-,-,-,-,-,-,-,-,-,-,-,-,-,-,-,-,-,-,-,-,-,-,-,
Closure_101, -,-,-,-,-,-,-,-,-,-,-,-,-,-,-,-,-,-,-,-,-,-,-,-,-,-,-,-,-,-,-,-,-,-,-,-,-,-,-,-,-,-,-,
Closure_102, -,-,-,-,-,-,-,-,-,-,-,-,-,-,-,-,-,-,-,-,-,-,-,-,-,-,-,-,-,-,-,-,-,-,-,-,-,-,-,-,-,-,-,
Closure_103, -,-,-,-,-,-,-,-,-,-,-,-,-,-,-,-,-,-,-,-,-,-,-,-,-,-,-,-,-,-,-,-,-,-,-,-,-,-,-,-,-,-,-,
Closure_104, -,-,-,-,-,-,-,-,-,-,-,-,-,-,-,-,-,-,-,-,-,-,-,-,-,-,-,-,-,-,-,-,-,-,-,-,-,-,-,-,-,-,-,
Closure_105, -,-,-,-,-,-,-,-,-,-,-,-,-,-,-,-,-,-,-,-,-,-,-,-,-,-,-,-,-,-,-,-,-,-,-,-,-,-,-,-,-,-,-,
Closure_106, -,-,-,-,-,-,-,-,-,-,-,-,-,-,-,-,-,-,-,-,-,-,-,-,-,-,-,-,-,-,-,-,-,-,-,-,-,-,-,-,-,-,-,
Closure_107, 7336,3594,3123,1591,3594,3594,18421,4508,-,3115,-,4508,18421,18421,3322,3594,3594,3699,18421,4432,-,2938,3454,-,4508,3606,1951,3606,1591,18421,1728,3322,4508,-,18421,18421,3594,1591,4508,-,3817,3598,3606,
Closure_108, -,-,-,-,-,-,-,-,-,-,-,-,-,-,-,-,-,-,-,-,-,-,-,-,-,-,-,-,-,-,-,-,-,-,-,-,-,-,-,-,-,-,-,
Closure_109, 9,9,9,9,9,9,18281,9,9752,9,-,9,18281,18281,9,9,9,9,18281,9,9,9,9,-,9,9,9,9,9,18281,9,9,9,9740,18281,18281,9,9,9,-,-,9,9,
Closure_110, 661,-,-,-,-,-,26244,-,1756,-,-,-,26244,26244,-,-,-,-,26244,-,-,-,-,26059,-,-,-,-,-,26244,26262,27694,-,1756,26244,26244,-,-,-,-,-,-,-,
Closure_111, -,-,-,-,-,-,-,-,-,-,-,-,-,-,-,-,-,-,-,-,-,-,-,-,-,-,-,-,-,-,-,-,-,-,-,-,-,-,-,-,-,-,-,
Closure_112, 57,105,105,105,105,105,17924,57,9606,89,-,57,17924,17924,57,105,105,57,17924,57,57,57,57,-,57,82,105,82,105,17924,105,57,57,9586,17924,17924,105,105,57,-,-,57,82,
Closure_113, 7,7,7,7,7,7,12493,7,13386,7,-,7,12493,12493,7,7,7,7,12493,7,7,7,7,-,7,7,7,7,7,12493,7,7,7,12855,12493,12493,7,7,7,-,-,7,7,
Closure_114, -,-,-,-,-,-,-,-,-,-,-,-,-,-,-,-,-,-,-,-,-,-,-,-,-,-,-,-,-,-,-,-,-,-,-,-,-,-,-,-,-,-,-,
Closure_115, 1,1,1,1,1,1,1,1,8074,1,1,1,1,1,1,1,1,1,1,1,1,1,1,-,1,1,1,517,1,1,1,1,1,8037,1,1,1,1,1,1,1,1,1,
Closure_116, 3,6,6,10,6,6,15296,3,8027,6,-,3,15296,15296,5,6,6,5,15296,3,5,3,3,-,3,6,10,2081,10,15296,6,5,3,8018,15296,15296,6,10,3,-,3,3,6,
Closure_117, 70,70,70,70,70,70,17429,70,5794,70,-,70,17429,17429,70,70,70,70,17429,70,70,70,70,17409,70,70,70,70,70,17429,17451,70,70,5794,17429,17429,70,70,70,-,-,70,70,
Closure_118, -,-,-,-,-,-,-,-,-,-,-,-,-,-,-,-,-,-,-,-,-,-,-,-,-,-,-,-,-,-,-,-,-,-,-,-,-,-,-,-,-,-,-,
Closure_119, -,-,-,-,-,-,-,-,-,-,-,-,-,-,-,-,-,-,-,-,-,-,-,-,-,-,-,-,-,-,-,-,-,-,-,-,-,-,-,-,-,-,-,
Closure_120, -,-,-,-,-,-,-,-,-,-,-,-,-,-,-,-,-,-,-,-,-,-,-,-,-,-,-,-,-,-,-,-,-,-,-,-,-,-,-,-,-,-,-,
Closure_121, -,-,-,-,-,-,-,-,-,-,-,-,-,-,-,-,-,-,-,-,-,-,-,-,-,-,-,-,-,-,-,-,-,-,-,-,-,-,-,-,-,-,-,
Closure_122, 2,2,2,2,2,2,13187,2,11796,2,-,2,13187,13187,2,2,2,2,13187,2,2,2,2,-,2,2,2,2,2,13187,2,2,2,11265,13187,13187,2,2,2,-,-,2,2,
Closure_123, 40,40,40,40,40,40,18605,40,9013,40,-,40,18605,18605,40,40,40,40,18605,40,40,40,40,-,40,40,40,40,40,18605,40,40,40,8987,18605,18605,40,40,40,-,-,40,40,
Closure_124, 3,3,3,3,3,3,3816,3,13674,3,-,3,3816,3816,3,3,3,3,3816,3,3,3,3,-,3,3,3,3,3,3816,3,3,3,10626,3816,3816,3,3,3,-,-,3,3,
Closure_125, 145,145,145,145,145,145,22415,145,5002,145,-,145,22415,22415,145,145,145,145,22415,145,145,145,145,-,145,145,145,145,145,22415,22310,145,145,5002,22415,22415,145,145,145,-,-,145,145,
Closure_126, 1,1,1,1,1,1,1,1,12483,1,1,1,1,1,1,1,1,1,1,1,1,1,1,-,1,1,1,1,1,1,1,1,1,8337,1,1,1,1,1,1,1,1,1,
Closure_127, -,-,-,-,-,-,-,-,-,-,-,-,-,-,-,-,-,-,-,-,-,-,-,-,-,-,-,-,-,-,-,-,-,-,-,-,-,-,-,-,-,-,-,
Closure_128, 1,1,1,1,1,1,12312,1,10758,1,-,1,12312,12312,1,1,1,1,12312,1,1,1,1,-,1,1,1,1,1,12312,1,1,1,10648,12312,12312,1,1,1,-,-,1,1,
Closure_129, -,-,-,-,-,-,-,-,-,-,-,-,-,-,-,-,-,-,-,-,-,-,-,-,-,-,-,-,-,-,-,-,-,-,-,-,-,-,-,-,-,-,-,
Closure_130, 153,153,153,153,153,153,21035,153,5787,153,-,153,21035,21035,153,153,153,153,21035,153,153,153,153,-,153,153,153,153,153,21035,19861,153,153,5787,21035,21035,153,153,153,-,-,153,153,
Closure_131, 84,127,127,127,127,127,21202,84,4652,126,-,84,21202,21202,86,127,127,84,21202,84,84,84,84,-,84,126,127,126,127,21202,18642,86,84,4652,21202,21202,127,127,84,-,-,84,126,
Closure_132, 15,15,15,15,15,15,2484,15,13386,15,-,15,2484,2484,15,15,15,15,2484,15,15,15,15,-,15,15,15,15,15,2484,15,15,15,9917,2484,2484,15,15,15,-,-,15,15,
Closure_133, 462,94,94,94,94,94,23527,94,3297,94,-,94,23527,23527,94,94,94,94,23527,94,94,94,94,-,94,94,94,94,94,23527,23521,94,94,3297,23527,23527,94,94,94,-,-,94,94,
Mockito_1, -,-,-,-,-,-,-,-,-,-,-,-,-,-,-,-,-,-,-,-,-,-,-,-,-,-,-,-,-,-,-,-,-,-,-,-,-,-,-,-,-,-,-,
Mockito_2, -,-,-,-,-,-,-,-,-,-,-,-,-,-,-,-,-,-,-,-,-,-,-,-,-,-,-,-,-,-,-,-,-,-,-,-,-,-,-,-,-,-,-,
Mockito_3, -,-,-,-,-,-,-,-,-,-,-,-,-,-,-,-,-,-,-,-,-,-,-,-,-,-,-,-,-,-,-,-,-,-,-,-,-,-,-,-,-,-,-,
Mockito_4, 2,2,2,2,2,2,2,2,1086,2,2,2,2,2,2,2,2,2,2,2,2,2,2,-,2,2,2,2,2,2,2,2,2,810,2,2,2,2,2,2,2,2,2,
Mockito_5, -,-,-,-,-,-,-,-,-,-,-,-,-,-,-,-,-,-,-,-,-,-,-,-,-,-,-,-,-,-,-,-,-,-,-,-,-,-,-,-,-,-,-,
Mockito_6, -,-,-,-,-,-,41,-,1075,-,-,-,41,41,-,-,-,-,41,-,-,-,-,41,-,-,-,-,-,41,41,-,-,1075,41,41,-,-,-,-,-,-,-,
Mockito_7, -,-,-,-,-,-,-,-,-,-,-,-,-,-,-,-,-,-,-,-,-,-,-,-,-,-,-,-,-,-,-,-,-,-,-,-,-,-,-,-,-,-,-,
Mockito_8, 17,17,17,17,17,17,1067,17,765,17,-,17,1067,1067,17,17,17,17,1067,17,17,17,17,-,17,17,17,17,17,1067,17,17,17,765,1067,1067,17,17,17,-,-,17,17,
Mockito_9, -,-,-,-,-,-,660,-,1196,-,-,-,660,660,-,-,-,-,660,-,-,-,-,660,-,-,-,-,-,660,660,-,-,1196,660,660,-,-,-,-,-,-,-,
Mockito_10, 16,16,16,16,16,16,680,16,951,16,-,16,680,680,16,16,16,16,680,16,16,16,16,-,16,16,16,16,16,680,16,16,16,932,680,680,16,16,16,-,-,16,16,
Mockito_11, -,-,-,-,-,-,-,-,-,-,-,-,-,-,-,-,-,-,-,-,-,-,-,-,-,-,-,-,-,-,-,-,-,-,-,-,-,-,-,-,-,-,-,
Mockito_12, 1,1,1,1,1,1,1,1,723,1,1,1,1,1,1,1,1,1,1,1,1,1,1,-,1,1,1,61,1,1,1,1,1,658,1,1,1,1,1,1,1,1,1,
Mockito_13, 70,70,70,70,70,70,1745,70,353,70,-,70,1745,1745,70,70,70,70,1745,70,70,70,70,-,70,70,70,70,70,1745,1745,70,70,353,1745,1745,70,70,70,-,-,70,70,
Mockito_14, 103,103,103,103,103,103,1723,103,321,103,-,103,1723,1723,103,103,103,103,1723,103,103,103,103,-,103,103,103,103,103,1723,1723,103,103,321,1723,1723,103,103,103,-,-,103,103,
Mockito_15, -,-,-,-,-,-,-,-,-,-,-,-,-,-,-,-,-,-,-,-,-,-,-,-,-,-,-,-,-,-,-,-,-,-,-,-,-,-,-,-,-,-,-,
Mockito_16, 5,5,5,5,5,5,396,5,70,5,-,5,396,396,5,5,5,5,396,5,5,5,5,1073,5,5,5,5,5,396,5,5,5,70,396,396,5,5,5,-,-,5,5,
Mockito_17, 4,4,4,4,4,4,1043,4,87,4,-,4,1043,1043,4,4,4,4,1043,4,4,4,4,1734,4,4,4,4,4,1043,4,4,4,87,1043,1043,4,4,4,-,-,4,4,
Mockito_18, -,-,-,-,-,-,-,-,-,-,-,-,-,-,-,-,-,-,-,-,-,-,-,-,-,-,-,-,-,-,-,-,-,-,-,-,-,-,-,-,-,-,-,
Mockito_19, -,-,-,-,-,-,-,-,-,-,-,-,-,-,-,-,-,-,-,-,-,-,-,-,-,-,-,-,-,-,-,-,-,-,-,-,-,-,-,-,-,-,-,
Mockito_20, -,-,-,-,-,-,-,-,-,-,-,-,-,-,-,-,-,-,-,-,-,-,-,-,-,-,-,-,-,-,-,-,-,-,-,-,-,-,-,-,-,-,-,
Mockito_21, -,-,-,-,-,-,-,-,-,-,-,-,-,-,-,-,-,-,-,-,-,-,-,-,-,-,-,-,-,-,-,-,-,-,-,-,-,-,-,-,-,-,-,
Mockito_22, 641,-,-,-,-,-,1118,-,631,-,-,-,1118,1118,-,-,-,-,1118,-,-,-,-,1091,-,-,-,-,-,1118,1144,1294,-,631,1118,1118,-,-,-,-,-,-,-,
Mockito_23, 86,31,31,31,31,31,555,211,889,56,-,211,555,555,84,31,31,211,555,211,-,200,84,-,211,56,31,56,31,555,31,84,211,900,555,555,31,31,211,-,-,211,56,
Mockito_24, -,-,-,-,-,-,-,-,-,-,-,-,-,-,-,-,-,-,-,-,-,-,-,-,-,-,-,-,-,-,-,-,-,-,-,-,-,-,-,-,-,-,-,
Mockito_25, 4,4,4,5,4,4,4,4,788,4,4,4,4,4,4,4,4,4,4,4,4,4,4,-,4,4,4,8,5,4,4,4,4,592,4,4,4,5,4,4,4,4,4,
Mockito_26, -,-,-,-,-,-,-,-,-,-,-,-,-,-,-,-,-,-,-,-,-,-,-,-,-,-,-,-,-,-,-,-,-,-,-,-,-,-,-,-,-,-,-,
Mockito_27, 24,24,24,24,24,24,24,24,916,24,24,24,24,24,24,24,24,24,24,24,24,24,24,-,24,24,24,24,24,24,24,24,24,707,24,24,24,24,24,24,24,24,24,
Mockito_28, 39,39,39,39,39,39,1253,39,933,39,-,39,1253,1253,39,39,39,39,1253,39,39,39,39,-,39,39,39,39,39,1253,39,39,39,924,1253,1253,39,39,39,-,-,39,39,
Mockito_29, 5,5,5,5,5,5,441,5,1089,5,-,5,441,441,5,5,5,5,441,5,5,5,5,-,5,5,5,5,5,441,5,5,5,880,441,441,5,5,5,-,-,5,5,
Mockito_30, 1,1,1,1,1,1,798,1,1078,1,-,1,798,798,1,1,1,1,798,1,1,1,1,-,1,1,1,1,1,798,1,1,1,939,798,798,1,1,1,-,-,1,1,
Mockito_31, -,-,-,-,-,-,-,-,-,-,-,-,-,-,-,-,-,-,-,-,-,-,-,-,-,-,-,-,-,-,-,-,-,-,-,-,-,-,-,-,-,-,-,
Mockito_32, 3,3,3,3,3,3,960,3,937,3,-,3,960,960,3,3,3,3,960,3,3,3,3,-,3,3,3,3,3,960,3,3,3,917,960,960,3,3,3,-,-,3,3,
Mockito_33, 23,144,111,145,144,144,1891,23,240,61,-,23,1891,1891,31,144,144,25,1891,23,25,23,23,-,23,53,145,53,145,1891,1890,31,23,240,1891,1891,144,145,23,-,-,25,53,
Mockito_34, 20,46,43,46,46,46,1567,20,311,42,-,20,1567,1567,20,46,46,20,1567,20,20,20,20,-,20,42,46,42,46,1567,1566,20,20,311,1567,1567,46,46,20,-,-,20,42,
Mockito_35, 59,1,1,1,1,1,1,260,772,1,-,260,1,1,18,1,1,260,1,260,-,65,57,-,260,1,1,2,1,1,1,18,260,713,1,1,1,1,260,-,-,259,1,
Mockito_36, 1,4,4,4,4,4,1053,1,645,4,-,1,1053,1053,1,4,4,1,1053,1,1,1,1,-,1,4,4,4,4,1053,4,1,1,636,1053,1053,4,4,1,-,-,1,4,
Mockito_37, 1,2,2,2,2,2,812,1,325,2,-,1,812,812,1,2,2,1,812,1,1,1,1,811,1,2,2,2,2,812,812,1,1,325,812,812,2,2,1,-,-,1,2,
Mockito_38, 1,1,1,1,1,1,960,1,600,1,-,1,960,960,1,1,1,1,960,1,1,1,1,-,1,1,1,1,1,960,1,1,1,597,960,960,1,1,1,-,-,1,1,
Time_1, 619,16,14,52,16,16,3863,232,-,27,-,232,3863,3863,74,16,16,114,3863,228,-,62,89,-,232,48,26,54,52,3863,13,74,232,-,3863,3863,16,52,232,-,57,54,48,
Time_2, 609,13,10,50,13,13,3506,226,-,21,-,226,3506,3506,67,13,13,109,3506,220,-,60,87,4102,226,32,20,38,50,3506,10,67,226,-,3506,3506,13,50,226,-,50,45,32,
Time_3, 69,2,2,15,2,2,244,191,1253,2,-,191,244,244,4,2,2,33,244,146,-,9,34,807,191,2,2,31,15,244,2,4,191,1153,244,244,2,15,191,-,12,21,2,
Time_4, 781,90,89,148,90,90,5854,285,1428,174,-,285,5854,5854,205,90,90,295,5854,280,-,170,152,-,285,208,131,208,148,5854,76,205,285,1418,5854,5854,90,148,285,-,-,209,208,
Time_5, 292,2,2,20,2,2,3859,85,1338,2,-,85,3859,3859,16,2,2,47,3859,67,-,9,34,4368,85,2,2,23,20,3859,2,16,85,1272,3859,3859,2,20,85,-,5,21,2,
Time_6, 403,86,103,59,86,86,58,175,1115,84,-,175,58,58,64,86,86,89,58,174,-,65,67,3642,175,85,76,106,59,58,101,64,175,1111,58,58,86,59,175,-,70,94,85,
Time_7, 369,12,12,123,12,12,6425,177,1392,32,-,177,6425,6425,110,12,12,175,6425,161,-,134,42,-,177,51,50,61,123,6425,12,110,177,1338,6425,6425,12,123,177,-,17,59,51,
Time_8, 721,66,64,149,66,66,4581,254,1504,120,-,254,4581,4581,161,66,66,212,4581,248,-,160,126,4483,254,151,112,151,149,4581,63,161,254,1448,4581,4581,66,149,254,-,-,166,151,
Time_9, 624,13,12,59,13,13,4126,203,1486,23,-,203,4126,4126,76,13,13,106,4126,194,-,69,75,-,203,32,22,32,59,4126,12,76,203,1450,4126,4126,13,59,203,-,41,42,32,
Time_10, 364,3,3,101,3,3,5141,120,1429,27,-,120,5141,5141,100,3,3,140,5141,110,-,61,28,-,120,13,27,43,101,5141,3,100,120,1389,5141,5141,3,101,120,-,6,47,13,
Time_11, -,-,-,-,-,-,-,-,-,-,-,-,-,-,-,-,-,-,-,-,-,-,-,-,-,-,-,-,-,-,-,-,-,-,-,-,-,-,-,-,-,-,-,
Time_12, 469,27,27,1,27,27,1,266,-,2,-,266,1,1,1,27,27,20,1,265,-,12,113,-,266,5,2,20,1,1,27,1,266,-,1,1,27,1,266,1,101,20,5,
Time_13, -,-,-,-,-,-,-,-,-,-,-,-,-,-,-,-,-,-,-,-,-,-,-,-,-,-,-,-,-,-,-,-,-,-,-,-,-,-,-,-,-,-,-,
Time_14, 60,7,7,20,7,7,3968,81,1129,7,-,81,3968,3968,7,7,7,26,3968,42,-,6,23,-,81,7,7,28,20,3968,7,7,81,1025,3968,3968,7,20,81,-,7,26,7,
Time_15, 685,47,47,103,47,47,5138,234,1513,81,-,234,5138,5138,125,47,47,164,5138,228,-,104,108,-,234,115,82,115,103,5138,46,125,234,1485,5138,5138,47,103,234,-,-,117,115,
Time_16, 28,8,8,21,8,8,321,166,1166,8,-,166,321,321,8,8,8,27,321,64,-,8,25,-,166,8,8,38,21,321,8,8,166,1055,321,321,8,21,166,-,9,27,8,
Time_17, 608,4,4,14,4,4,314,235,-,4,-,235,314,314,15,4,4,46,314,235,-,14,70,-,235,5,4,28,14,314,4,15,235,-,314,314,4,14,235,-,35,24,5,
Time_18, 748,89,85,142,89,89,5597,272,1427,143,-,272,5597,5597,169,89,89,217,5597,271,-,162,135,-,272,169,137,169,142,5597,84,169,272,1386,5597,5597,89,142,272,-,-,181,169,
Time_19, 211,627,-,641,627,627,7727,162,165,-,-,162,7727,7727,-,627,627,321,7727,161,-,-,-,-,162,449,637,449,641,7727,7724,7699,162,165,7727,7727,627,641,162,-,-,447,449,
Time_20, -,-,-,-,-,-,-,-,-,-,-,-,-,-,-,-,-,-,-,-,-,-,-,-,-,-,-,-,-,-,-,-,-,-,-,-,-,-,-,-,-,-,-,
Time_21, 432,6,1,4,6,6,4,180,-,1,-,180,4,4,4,6,6,23,4,175,-,11,74,-,180,1,1,20,4,4,6,4,180,-,4,4,6,4,180,-,53,23,1,
Time_22, -,-,-,-,-,-,-,-,-,-,-,-,-,-,-,-,-,-,-,-,-,-,-,-,-,-,-,-,-,-,-,-,-,-,-,-,-,-,-,-,-,-,-,
Time_23, 714,73,73,77,73,73,86,441,-,83,-,441,86,86,110,73,73,313,86,441,-,85,237,72,441,145,62,145,77,86,57,110,441,-,86,86,73,77,441,-,211,151,145,
Time_24, 3,108,108,227,108,108,2717,91,383,110,-,91,2717,2717,92,108,108,111,2717,33,-,189,1,2658,91,111,132,144,227,2717,108,92,91,383,2717,2717,108,227,91,-,1,114,111,
Time_25, 88,278,358,532,278,278,7648,98,124,258,-,98,7648,7648,160,278,278,127,7648,61,-,434,84,-,98,159,432,172,532,7648,7636,160,98,124,7648,7648,278,532,98,-,107,146,159,
Time_26, -,-,-,-,-,-,-,-,-,-,-,-,-,-,-,-,-,-,-,-,-,-,-,-,-,-,-,-,-,-,-,-,-,-,-,-,-,-,-,-,-,-,-,
Time_27, 998,280,204,205,280,280,4393,578,-,251,-,578,4393,4393,266,280,280,465,4393,578,-,217,342,-,578,335,202,335,205,4393,193,266,578,-,4393,4393,280,205,578,-,409,363,335,